NORAD_CAT_ID,OBJECT_NAME,OBJECT_ID,EPOCH,CREATION_DATE,INCLINATION,RA_OF_ASC_NODE,ECCENTRICITY,ARG_OF_PERICENTER,MEAN_ANOMALY,MEAN_MOTION,SEMIMAJOR_AXIS,PERIOD,BSTAR,DECAY_DATE,TLE_LINE1,TLE_LINE2,ELEMENT_SET_NO,MEAN_ALTITUDE_KM
45754,STARLINK-1477,2020-038AA,2026-07-26T05:38:04.764768,2026-07-26T10:36:54,53.0422,299.8107,0.0001141,47.6352,312.474,15.21348753,6879.908,94.653,0.0015941752,,1 45754U 20038AA  26207.23477737  .00036018  00000-0  15942-2 0  9996,2 45754  53.0422 299.8107 0001141  47.6352 312.4740 15.21348753337578,999,501.77100000000064
45668,STARLINK-1451,2020-035M,2026-07-26T05:46:26.185440,2026-07-26T10:36:54,53.0496,157.38,0.00023918,46.4067,313.7124,15.16289856,6895.202,94.969,0.0019567542,,1 45668U 20035M   26207.24058085  .00038244  00000-0  19568-2 0  9990,2 45668  53.0496 157.3800 0002392  46.4067 313.7124 15.16289856339721,999,517.0650000000005
45693,STARLINK-1417,2020-035AN,2026-07-26T01:24:29.620224,2026-07-26T10:36:54,53.0497,143.9782,0.00026959,354.6888,5.4078,15.18948982,6887.153,94.802,0.0019642427,,1 45693U 20035AN  26207.05867616  .00041472  00000-0  19642-2 0  9995,2 45693  53.0497 143.9782 0002696 354.6888   5.4078 15.18948982339886,999,509.01600000000053
45098,STARLINK-1184,2020-006BG,2026-07-26T02:03:15.654240,2026-07-26T10:36:54,53.051,337.3547,0.00030002,184.7483,175.3482,15.16333258,6895.071,94.966,0.0015203244,,1 45098U 20006BG  26207.08559785  .00029647  00000-0  15203-2 0  9999,2 45098  53.0510 337.3547 0003000 184.7483 175.3482 15.16333258357992,999,516.9340000000002
48472,STARLINK-2722,2021-040AW,2026-07-25T13:57:20.590848,2026-07-26T04:22:28,53.0606,288.0491,8.727e-05,40.1811,319.9246,15.13819405,6902.702,95.124,0.0012595616,,1 48472U 21040AW  26206.58148832  .00022788  00000-0  12596-2 0  9999,2 48472  53.0606 288.0491 0000873  40.1811 319.9246 15.13819405287336,999,524.5650000000005
46027,STARLINK-1522,2020-055A,2026-07-25T17:59:34.689984,2026-07-26T04:22:28,53.0609,221.2722,0.00014789,70.9944,289.1209,15.14927707,6899.335,95.054,0.0011046186,,1 46027U 20055A   26206.74970706  .00020581  00000-0  11046-2 0  9997,2 46027  53.0609 221.2722 0001479  70.9944 289.1209 15.14927707329778,999,521.1980000000003
47391,STARLINK-2112,2021-005AU,2026-07-26T05:05:09.292704,2026-07-26T10:36:54,53.0659,125.979,0.00024955,61.0698,299.0544,15.13562002,6903.485,95.14,0.0016291539,,1 47391U 21005AU  26207.21191311  .00029378  00000-0  16292-2 0  9999,2 47391  53.0659 125.9790 0002496  61.0698 299.0544 15.13562002304395,999,525.348
45368,STARLINK-1276,2020-019J,2026-07-26T03:41:37.606272,2026-07-26T10:36:54,53.0708,258.3633,0.00012938,30.818,329.289,15.16506821,6894.545,94.955,0.0010910723,,1 45368U 20019J   26207.15390748  .00021268  00000-0  10911-2 0  9995,2 45368  53.0708 258.3633 0001294  30.8180 329.2890 15.16506821350700,999,516.4080000000004
53417,STARLINK-4484,2022-097AF,2026-07-26T04:41:34.153152,2026-07-26T10:36:54,53.1571,212.0148,0.00011102,83.4644,276.6474,15.08835148,6917.895,95.438,7.5238577e-05,,1 53417U 22097AF  26207.19553418  .00000910  00000-0  75239-4 0  9993,2 53417  53.1571 212.0148 0001110  83.4644 276.6474 15.08835148219533,999,539.7580000000007
51121,STARLINK-3399,2022-005T,2026-07-25T12:23:15.733248,2026-07-25T18:12:52,53.1573,30.0779,0.00019054,84.9666,275.1542,15.08832952,6917.902,95.438,-6.6732358e-05,,1 51121U 22005T   26206.51615432 -.00001350  00000-0 -66732-4 0  9991,2 51121  53.1573  30.0779 0001905  84.9666 275.1542 15.08832952249684,999,539.7650000000003
54005,STARLINK-5135,2022-125AT,2026-07-26T07:28:26.967072,2026-07-26T10:36:54,53.1574,311.2192,0.00014317,92.9528,267.1627,15.08839614,6917.882,95.438,-9.8216134e-05,,1 54005U 22125AT  26207.31142323 -.00001851  00000-0 -98216-4 0  9999,2 54005  53.1574 311.2192 0001432  92.9528 267.1627 15.08839614210396,999,539.7449999999999
52684,STARLINK-4014,2022-053AE,2026-07-26T03:02:10.574592,2026-07-26T10:36:54,53.1581,242.3266,7.658e-05,68.1871,291.9202,15.08851266,6917.846,95.437,0.00017501327,,1 52684U 22053AE  26207.12651128  .00002500  00000-0  17501-3 0  9994,2 52684  53.1581 242.3266 0000766  68.1871 291.9202 15.08851266232032,999,539.7089999999998
52664,STARLINK-4070,2022-053J,2026-07-26T02:55:35.432832,2026-07-26T10:36:54,53.1581,252.3456,8.09e-05,66.8968,293.2108,15.08835964,6917.893,95.438,6.9567422e-05,,1 52664U 22053J   26207.12193788  .00000819  00000-0  69567-4 0  9996,2 52664  53.1581 252.3456 0000809  66.8968 293.2108 15.08835964231948,999,539.7560000000003
52092,STARLINK-3716,2022-029E,2026-07-26T05:15:28.988928,2026-07-26T10:36:54,53.1582,185.7969,0.00013685,78.4056,281.7093,15.17449515,6891.689,94.896,0.00051165027,,1 52092U 22029E   26207.21908552  .00010066  00000-0  51165-3 0  9996,2 52092  53.1582 185.7969 0001369  78.4056 281.7093 15.17449515241580,999,513.5520000000006
52586,STARLINK-3910,2022-051BC,2026-07-26T04:11:45.656736,2026-07-26T10:36:54,53.1582,217.108,9.778e-05,66.3241,293.7853,15.08835269,6917.895,95.438,5.9787865e-05,,1 52586U 22051BC  26207.17483399  .00000664  00000-0  59788-4 0  9994,2 52586  53.1582 217.1080 0000978  66.3241 293.7853 15.08835269232491,999,539.7580000000007
53835,STARLINK-4783,2022-114T,2026-07-25T23:51:24.236064,2026-07-26T10:36:54,53.1583,42.7057,0.00015084,99.7933,260.3229,15.08832865,6917.902,95.438,5.3435583e-05,,1 53835U 22114T   26206.99403051  .00000562  00000-0  53436-4 0  9999,2 53835  53.1583  42.7057 0001508  99.7933 260.3229 15.08832865213714,999,539.7650000000003
49748,STARLINK-3248,2021-115AA,2026-07-26T06:04:17.809824,2026-07-26T10:36:54,53.1583,246.3318,9.138e-05,72.5681,287.541,15.08833297,6917.901,95.438,-7.825987e-06,,1 49748U 21115AA  26207.25298391 -.00000412  00000-0 -78260-5 0  9995,2 49748  53.1583 246.3318 0000914  72.5681 287.5410 15.08833297256465,999,539.7640000000001
53257,STARLINK-4144,2022-086R,2026-07-26T06:06:23.037120,2026-07-26T10:36:54,53.1583,291.7542,0.00010609,53.4822,306.6267,15.08824526,6917.928,95.439,0.00017668898,,1 53257U 22086R   26207.25443330  .00002524  00000-0  17669-3 0  9996,2 53257  53.1583 291.7542 0001061  53.4822 306.6267 15.08824526221984,999,539.7910000000002
53744,STARLINK-4670,2022-107AW,2026-07-26T06:00:02.999808,2026-07-26T10:36:54,53.1584,1.1933,0.00017746,98.7247,117.2101,15.18818367,6887.548,94.811,0.0052896124,,1 53744U 22107AW  26207.25003472  .00112898  00000-0  52896-2 0  9996,2 53744  53.1584   1.1933 0001775  98.7247 117.2101 15.18818367  5809,999,509.41100000000006
51115,STARLINK-3397,2022-005M,2026-07-25T22:10:05.628000,2026-07-26T04:22:28,53.1584,28.2343,0.00023679,97.3017,262.8244,15.08829548,6917.912,95.438,-2.220698e-06,,1 51115U 22005M   26206.92367625 -.00000324  00000-0 -22207-5 0  9997,2 51115  53.1584  28.2343 0002368  97.3017 262.8244 15.08829548249743,999,539.7750000000005
51132,STARLINK-3393,2022-005AE,2026-07-25T23:38:51.987552,2026-07-26T10:36:54,53.1584,37.9618,0.00014091,81.4588,278.6563,15.08848926,6917.853,95.437,3.7571799e-05,,1 51132U 22005AE  26206.98532393  .00000310  00000-0  37572-4 0  9991,2 51132  53.1584  37.9618 0001409  81.4588 278.6563 15.08848926249601,999,539.7160000000003
51813,STARLINK-3552,2022-017AX,2026-07-26T06:00:02.999808,2026-07-26T10:36:54,53.1584,66.1661,0.0001196,89.9129,192.5701,15.21352538,6879.897,94.653,0.00059874005,,1 51813U 22017AX  26207.25003472  .00013282  00000-0  59874-3 0  9992,2 51813  53.1584  66.1661 0001196  89.9129 192.5701 15.21352538  5798,999,501.7600000000002
53396,STARLINK-4524,2022-097J,2026-07-26T04:40:14.787840,2026-07-26T10:36:54,53.1584,222.0157,0.00010549,77.9125,282.1985,15.0883395,6917.899,95.438,2.8049455e-05,,1 53396U 22097J   26207.19461560  .00000159  00000-0  28049-4 0  9997,2 53396  53.1584 222.0157 0001055  77.9125 282.1985 15.08833950219420,999,539.7620000000006
54004,STARLINK-5129,2022-125AS,2026-07-26T07:23:08.375712,2026-07-26T10:36:54,53.1584,311.1959,0.00018677,105.4442,254.6756,15.08833399,6917.901,95.438,4.269735e-05,,1 54004U 22125AS  26207.30773583  .00000391  00000-0  42697-4 0  9993,2 54004  53.1584 311.1959 0001868 105.4442 254.6756 15.08833399210392,999,539.7640000000001
53632,STARLINK-4606,2022-104AW,2026-07-26T07:37:46.241184,2026-07-26T10:36:54,53.1584,321.4536,0.00016145,90.5915,269.5261,15.08835812,6917.893,95.438,0.00022545149,,1 53632U 22104AW  26207.31789631  .00003301  00000-0  22545-3 0  9991,2 53632  53.1584 321.4536 0001615  90.5915 269.5261 15.08835812217151,999,539.7560000000003
53633,STARLINK-4593,2022-104AX,2026-07-26T07:43:04.249344,2026-07-26T10:36:54,53.1584,321.4744,0.00017383,106.2381,253.8802,15.0883769,6917.887,95.438,6.37931e-05,,1 53633U 22104AX  26207.32157696  .00000727  00000-0  63793-4 0  9993,2 53633  53.1584 321.4744 0001738 106.2381 253.8802 15.08837690216827,999,539.75
53411,STARLINK-4497,2022-097Z,2026-07-26T03:48:34.564032,2026-07-26T10:36:54,53.1585,212.1784,0.00011301,56.2944,303.8155,15.08837177,6917.889,95.438,3.3016665e-05,,1 53411U 22097Z   26207.15873338  .00000238  00000-0  33017-4 0  9990,2 53411  53.1585 212.1784 0001130  56.2944 303.8155 15.08837177219557,999,539.7520000000004
53401,STARLINK-4525,2022-097P,2026-07-26T04:34:56.830656,2026-07-26T10:36:54,53.1585,222.032,0.00010995,79.2467,280.8648,15.08832137,6917.904,95.438,4.0133189e-05,,1 53401U 22097P   26207.19093554  .00000351  00000-0  40133-4 0  9990,2 53401  53.1585 222.0320 0001100  79.2467 280.8648 15.08832137219422,999,539.7670000000007
53848,STARLINK-4780,2022-114AG,2026-07-25T22:06:44.892288,2026-07-26T04:22:28,53.1586,32.9836,0.00016422,88.0385,272.0795,15.08823335,6917.931,95.439,-5.7437026e-05,,1 53848U 22114AG  26206.92135292 -.00001202  00000-0 -57437-4 0  9994,2 53848  53.1586  32.9836 0001642  88.0385 272.0795 15.08823335213842,999,539.7939999999999
53918,STARLINK-5012,2022-119AJ,2026-07-25T23:34:12.398016,2026-07-26T10:36:54,53.1586,52.8793,0.00015618,95.9203,264.1967,15.08830887,6917.908,95.438,-3.9259399e-05,,1 53918U 22119AJ  26206.98208794 -.00000913  00000-0 -39259-4 0  9991,2 53918  53.1586  52.8793 0001562  95.9203 264.1967 15.08830887212707,999,539.7710000000006
54077,STARLINK-5171,2022-136AC,2026-07-26T00:57:11.306016,2026-07-26T10:36:54,53.1586,58.3522,0.00015159,82.5658,277.5506,15.08829916,6917.911,95.438,1.5226718e-05,,1 54077U 22136AC  26207.03971419 -.00000046  00000-0  15227-4 0  9990,2 54077  53.1586  58.3522 0001516  82.5658 277.5506 15.08829916208073,999,539.7740000000003
53412,STARLINK-4496,2022-097AA,2026-07-26T06:32:51.815616,2026-07-26T10:36:54,53.1586,211.6674,7.651e-05,59.7518,300.3549,15.08832638,6917.903,95.438,6.8446337e-05,,1 53412U 22097AA  26207.27282194  .00000802  00000-0  68446-4 0  9999,2 53412  53.1586 211.6674 0000765  59.7518 300.3549 15.08832638219577,999,539.7660000000005
52565,STARLINK-3911,2022-051AJ,2026-07-26T06:50:44.204640,2026-07-26T10:36:54,53.1586,216.6125,0.0001064,70.6247,289.4859,15.08837875,6917.887,95.438,9.0115902e-05,,1 52565U 22051AJ  26207.28523385  .00001147  00000-0  90116-4 0  9990,2 52565  53.1586 216.6125 0001064  70.6247 289.4859 15.08837875232502,999,539.75
53388,STARLINK-4522,2022-097A,2026-07-26T07:08:38.723424,2026-07-26T10:36:54,53.1586,221.5526,5.907e-05,81.231,278.8748,15.08825339,6917.925,95.438,-7.612569e-06,,1 53388U 22097A   26207.29767041 -.00000409  00000-0 -76126-5 0  9992,2 53388  53.1586 221.5526 0000591  81.2310 278.8748 15.08825339219774,999,539.7880000000005
53400,STARLINK-4520,2022-097N,2026-07-26T01:02:58.863840,2026-07-26T10:36:54,53.1586,222.6988,0.0001036,81.8798,278.2311,15.08835382,6917.895,95.438,3.3945961e-05,,1 53400U 22097N   26207.04373685  .00000252  00000-0  33946-4 0  9993,2 53400  53.1586 222.6988 0001036  81.8798 278.2311 15.08835382219403,999,539.7580000000007
52688,STARLINK-4032,2022-053AJ,2026-07-25T12:01:19.720416,2026-07-25T18:12:52,53.1586,245.0223,8.675e-05,70.6244,289.4842,15.08833337,6917.901,95.438,2.7404371e-05,,1 52688U 22053AJ  26206.50092269  .00000148  00000-0  27404-4 0  9994,2 52688  53.1586 245.0223 0000867  70.6244 289.4842 15.08833337231926,999,539.7640000000001
52665,STARLINK-4064,2022-053K,2026-07-25T20:07:33.219552,2026-07-26T04:22:28,53.1586,253.6231,8.206e-05,72.3703,287.7378,15.08830137,6917.911,95.438,5.7803958e-05,,1 52665U 22053K   26206.83857893  .00000632  00000-0  57804-4 0  9992,2 52665  53.1586 253.6231 0000821  72.3703 287.7378 15.08830137231902,999,539.7740000000003
51461,STARLINK-3181,2022-010F,2026-07-26T08:00:01.999872,2026-07-26T10:36:54,53.1587,16.1753,7.844e-05,105.2033,310.0287,15.16676999,6894.029,94.944,0.0045536431,,1 51461U 22010F   26207.33335648  .00091064  00000-0  45536-2 0  9999,2 51461  53.1587  16.1753 0000784 105.2033 310.0287 15.16676999  5807,999,515.8920000000007
51120,STARLINK-3398,2022-005S,2026-07-26T08:00:01.999872,2026-07-26T10:36:54,53.1587,26.3823,0.00021855,92.0723,121.5774,15.12396104,6907.032,95.213,0.0043375993,,1 51120U 22005S   26207.33335648  .00076689  00000-0  43376-2 0  9991,2 51120  53.1587  26.3823 0002185  92.0723 121.5774 15.12396104  5759,999,528.8950000000004
53934,STARLINK-4775,2022-119BA,2026-07-26T06:11:00.771648,2026-07-26T10:36:54,53.1587,36.787,0.0001412,94.1517,265.9636,15.0883122,6917.907,95.438,2.313795e-06,,1 53934U 22119BA  26207.25764782 -.00000251  00000-0  23138-5 0  9998,2 53934  53.1587  36.7870 0001412  94.1517 265.9636 15.08831220212979,999,539.7700000000004
52278,STARLINK-3780,2022-041T,2026-07-26T04:13:05.624256,2026-07-26T10:36:54,53.1587,207.1035,0.00010976,75.1883,284.923,15.08834533,6917.897,95.438,-1.6321871e-05,,1 52278U 22041T   26207.17575954 -.00000548  00000-0 -16322-4 0  9990,2 52278  53.1587 207.1035 0001098  75.1883 284.9230 15.08834533235270,999,539.7600000000002
53393,STARLINK-4530,2022-097F,2026-07-26T02:01:16.256352,2026-07-26T10:36:54,53.1587,222.5145,0.00012125,82.7094,277.4035,15.08834318,6917.898,95.438,7.6162104e-05,,1 53393U 22097F   26207.08421593  .00000924  00000-0  76162-4 0  9993,2 53393  53.1587 222.5145 0001213  82.7094 277.4035 15.08834318219564,999,539.7610000000004
52681,STARLINK-4068,2022-053AB,2026-07-26T02:51:38.225088,2026-07-26T10:36:54,53.1587,242.3596,0.00011085,67.1888,292.922,15.08826561,6917.921,95.438,7.7260363e-05,,1 52681U 22053AB  26207.11919242  .00000942  00000-0  77260-4 0  9991,2 52681  53.1587 242.3596 0001108  67.1888 292.9220 15.08826561232030,999,539.7840000000006
52685,STARLINK-4029,2022-053AF,2026-07-25T20:08:52.354176,2026-07-26T04:22:28,53.1587,243.6163,0.00010734,85.3577,274.7537,15.0883406,6917.899,95.438,3.4101426e-05,,1 52685U 22053AF  26206.83949484  .00000255  00000-0  34101-4 0  9998,2 52685  53.1587 243.6163 0001073  85.3577 274.7537 15.08834060231970,999,539.7620000000006
49737,STARLINK-3225,2021-115P,2026-07-26T02:43:00.112800,2026-07-26T10:36:54,53.1587,247.3872,0.00011332,83.5212,276.5908,15.08836387,6917.891,95.438,7.8399807e-05,,1 49737U 21115P   26207.11319575  .00000960  00000-0  78400-4 0  9997,2 49737  53.1587 247.3872 0001133  83.5212 276.5908 15.08836387256439,999,539.7539999999999
52662,STARLINK-4044,2022-053G,2026-07-26T02:50:18.009600,2026-07-26T10:36:54,53.1587,252.3635,0.00010932,82.9845,277.1271,15.08831838,6917.905,95.438,9.4339673e-05,,1 52662U 22053G   26207.11826400  .00001214  00000-0  94340-4 0  9994,2 52662  53.1587 252.3635 0001093  82.9845 277.1271 15.08831838231948,999,539.768
52663,STARLINK-4037,2022-053H,2026-07-25T20:23:26.868192,2026-07-26T04:22:28,53.1587,253.576,0.00010673,81.1825,278.9288,15.08835137,6917.895,95.438,7.6667285e-05,,1 52663U 22053H   26206.84961653  .00000932  00000-0  76667-4 0  9992,2 52663  53.1587 253.5760 0001067  81.1825 278.9288 15.08835137231900,999,539.7580000000007
52670,STARLINK-4075,2022-053Q,2026-07-25T12:21:14.001696,2026-07-25T18:12:52,53.1587,255.1459,0.00011422,82.5748,277.5373,15.08832514,6917.903,95.438,8.1156061e-05,,1 52670U 22053Q   26206.51474539  .00001004  00000-0  81156-4 0  9996,2 52670  53.1587 255.1459 0001142  82.5748 277.5373 15.08832514231854,999,539.7660000000005
53165,STARLINK-4090,2022-083AK,2026-07-26T03:04:51.714912,2026-07-26T10:36:54,53.1587,262.3139,0.00011576,86.5159,273.5964,15.08834083,6917.898,95.438,0.00010003626,,1 53165U 22083AK  26207.12837633  .00001304  00000-0  10004-3 0  9991,2 53165  53.1587 262.3139 0001158  86.5159 273.5964 15.08834083222266,999,539.7610000000004
51860,STARLINK-3559,2022-022J,2026-07-26T06:00:02.999808,2026-07-26T10:36:54,53.1588,106.0793,0.00015521,59.3535,13.4054,15.21488287,6879.488,94.644,0.0037870338,,1 51860U 22022J   26207.25003472  .00086967  00000-0  37870-2 0  9991,2 51860  53.1588 106.0793 0001552  59.3535  13.4054 15.21488287  5807,999,501.35100000000057
53433,STARLINK-4549,2022-097AX,2026-07-26T05:41:25.796832,2026-07-26T10:36:54,53.1588,200.1645,0.00012048,83.4444,276.6687,15.15411155,6897.868,95.024,3.3044978e-05,,1 53433U 22097AX  26207.23710413  .00000324  00000-0  33045-4 0  9994,2 53433  53.1588 200.1645 0001205  83.4444 276.6687 15.15411155219703,999,519.7310000000007
52281,STARLINK-3779,2022-041W,2026-07-26T04:19:46.275744,2026-07-26T10:36:54,53.1588,207.0815,0.00010495,76.8214,283.2895,15.08831242,6917.907,95.438,5.0685131e-05,,1 52281U 22041W   26207.18039671  .00000519  00000-0  50685-4 0  9992,2 52281  53.1588 207.0815 0001049  76.8214 283.2895 15.08831242235275,999,539.7700000000004
52583,STARLINK-3895,2022-051AZ,2026-07-26T04:17:03.729696,2026-07-26T10:36:54,53.1588,217.09,9.543e-05,66.6456,293.4636,15.08834126,6917.898,95.438,2.6654527e-05,,1 52583U 22051AZ  26207.17851539  .00000136  00000-0  26655-4 0  9997,2 52583  53.1588 217.0900 0000954  66.6456 293.4636 15.08834126232496,999,539.7610000000004
53397,STARLINK-4515,2022-097K,2026-07-26T04:56:08.720736,2026-07-26T10:36:54,53.1588,221.968,0.0001047,76.4884,283.6224,15.08832675,6917.903,95.438,5.2430499e-05,,1 53397U 22097K   26207.20565649  .00000547  00000-0  52430-4 0  9995,2 53397  53.1588 221.9680 0001047  76.4884 283.6224 15.08832675219426,999,539.7660000000005
53399,STARLINK-4528,2022-097M,2026-07-26T04:45:32.670720,2026-07-26T10:36:54,53.1588,221.9998,0.00010129,77.2751,282.8354,15.08835146,6917.895,95.438,6.1043491e-05,,1 53399U 22097M   26207.19829480  .00000684  00000-0  61043-4 0  9993,2 53399  53.1588 221.9998 0001013  77.2751 282.8354 15.08835146219426,999,539.7580000000007
53390,STARLINK-4517,2022-097C,2026-07-25T10:23:19.135104,2026-07-25T18:12:52,53.1588,225.4442,0.00010999,77.3052,282.8063,15.08829497,6917.912,95.438,3.3436338e-05,,1 53390U 22097C   26206.43286036  .00000244  00000-0  33436-4 0  9991,2 53390  53.1588 225.4442 0001100  77.3052 282.8063 15.08829497219612,999,539.7750000000005
52687,STARLINK-3981,2022-053AH,2026-07-26T02:25:07.044672,2026-07-26T10:36:54,53.1588,242.4426,0.00010302,58.9363,301.1729,15.08837107,6917.889,95.438,4.9946425e-05,,1 52687U 22053AH  26207.10077598  .00000507  00000-0  49946-4 0  9992,2 52687  53.1588 242.4426 0001030  58.9363 301.1729 15.08837107232013,999,539.7520000000004
52678,STARLINK-4074,2022-053Y,2026-07-26T02:03:56.742624,2026-07-26T10:36:54,53.1588,242.6166,0.00010946,86.2039,273.9078,15.08832169,6917.904,95.438,6.5085982e-05,,1 52678U 22053Y   26207.08607341  .00000748  00000-0  65086-4 0  9994,2 52678  53.1588 242.6166 0001095  86.2039 273.9078 15.08832169232062,999,539.7670000000007
52698,STARLINK-4030,2022-053AU,2026-07-26T02:27:06.131520,2026-07-26T10:36:54,53.1588,247.4279,0.00010182,95.5104,264.6004,15.08821827,6917.936,95.439,3.4005121e-05,,1 52698U 22053AU  26207.10215430  .00000253  00000-0  34005-4 0  9991,2 52698  53.1588 247.4279 0001018  95.5104 264.6004 15.08821827231977,999,539.799
49751,STARLINK-3229,2021-115AD,2026-07-26T02:00:36.012960,2026-07-26T10:36:54,53.1588,247.444,9.554e-05,70.0556,290.0538,15.08831167,6917.907,95.438,4.0550632e-05,,1 49751U 21115AD  26207.08375015  .00000357  00000-0  40551-4 0  9996,2 49751  53.1588 247.4440 0000955  70.0556 290.0538 15.08831167256432,999,539.7700000000004
